model,accuracy,precision,recall,f1
klue/bert-base,0.7813620071684588,0.8308571428571428,0.7693121693121693,0.798901098901099
