model,method,accuracy,precision,recall,f1
klue/bert-base,LoRA,0.7837514934289128,0.809119830328738,0.8074074074074075,0.8082627118644068
